Workbook

Sheet Raw Data
A1: Date | B1: Scheduled Patients | C1: Completed Visits | D1: No-Shows | E1: Avg Revenue per Visit | F1: Estimated Revenue | G1: Lost Revenue from No-Shows | H1: Avg Wait Time (mins) | I1: Staff Overtime Hours
A2: 46028 | B2: 20 | C2: 17 | D2: 3 | E2: 120 | F2: =C2*E2 -> 2040 | G2: =D2*E2 -> 360 | H2: 35 | I2: 2
A3: 46029 | B3: 22 | C3: 19 | D3: 3 | E3: 120 | F3: =C3*E3 -> 2280 | G3: =D3*E3 -> 360 | H3: 32 | I3: 1.5
A4: 46030 | B4: 18 | C4: 16 | D4: 2 | E4: 120 | F4: =C4*E4 -> 1920 | G4: =D4*E4 -> 240 | H4: 28 | I4: 1
A5: 46031 | B5: 25 | C5: 20 | D5: 5 | E5: 120 | F5: =C5*E5 -> 2400 | G5: =D5*E5 -> 600 | H5: 40 | I5: 2.5
A6: 46032 | B6: 21 | C6: 18 | D6: 3 | E6: 120 | F6: =C6*E6 -> 2160 | G6: =D6*E6 -> 360 | H6: 30 | I6: 1
A7: 46033 | B7: 23 | C7: 20 | D7: 3 | E7: 120 | F7: =C7*E7 -> 2400 | G7: =D7*E7 -> 360 | H7: 34 | I7: 1.8
A8: 46034 | B8: 19 | C8: 17 | D8: 2 | E8: 120 | F8: =C8*E8 -> 2040 | G8: =D8*E8 -> 240 | H8: 27 | I8: 0.8
A9: 46035 | B9: 24 | C9: 21 | D9: 3 | E9: 120 | F9: =C9*E9 -> 2520 | G9: =D9*E9 -> 360 | H9: 36 | I9: 2.1
A10: 46036 | B10: 20 | C10: 18 | D10: 2 | E10: 120 | F10: =C10*E10 -> 2160 | G10: =D10*E10 -> 240 | H10: 29 | I10: 1.2
A11: 46037 | B11: 26 | C11: 22 | D11: 4 | E11: 120 | F11: =C11*E11 -> 2640 | G11: =D11*E11 -> 480 | H11: 38 | I11: 2.3

Sheet Dashboard sheet
A1: Healthcare Cost & Workflow Efficiency Dashboard
A2: Outpatient Clinic Operational Analysis
A77: Key Insights
A78: No-shows resulted in measurable lost revenue across the 10-day period.
A79: Higher patient wait times were associated with increased staff overtime hours.
A80: Improving scheduling efficiency could reduce revenue leakage and improve clinic workflow.

Sheet KPI
A1: KPI | B1: Formula
A2: Total Scheduled Patients | B2: =SUM('Raw Data'!B2:B11) -> 218
A3: Total Completed Visits | B3: =SUM('Raw Data'!C2:C11) -> 188
A4: Total No-Shows | B4: =SUM('Raw Data'!D2:D11) -> 30
A5: No- Show Rate | B5: =SUM('Raw Data'!D2:D11)/SUM('Raw Data'!B2:B11) -> 0.13761468
A6: Total Revenue | B6: =SUM('Raw Data'!F2:F11) -> 22560
A7: Total Lost Revenue | B7: =SUM('Raw Data'!G2:G11) -> 3600
A8: Average Wait Time | B8: =AVERAGE('Raw Data'!H2:H11) -> 32.9
A9: Total Overtime Hours | B9: =SUM('Raw Data'!I2:I11) -> 16.2
